{
	"1": {
		"distCoefficients": [0.217026, -1.12806, 0, 0, 1.2493],
		"projection": [1650.38, 1024.09, 578.052],
		"eye": [3.008,-1.896,1.567],
		"center": [1.072,0,1.23],
		"up": [0,0,1],
		"rvec": [1.730901563297874, 0.661861794828729, -0.5817566145650319],
		"tvec": [-0.019422792830644364, 0.018395112545968054, 0.09462819828985039]
	},
	"2": {
		"distCoefficients": [0.183429, -1.0959, 0, 0, 1.1509],
		"projection": [1643.46, 960, 462],
		"eye": [0.3048,-1.88,1.563],
		"center": [1.610,0,1.033],
		"up": [0,0,1],
		"rvec": [1.7157475232783659, -0.425267638420587, 0.49215890110867927],
		"tvec": [-0.035889532841125914, 0.02928415481392033, 0.04170913583295535]
	},
	"3": {
		"distCoefficients": [0.119306, -0.739508, 0, 0, 0.663889],
		"projection": [1606.46, 991.257, 636.807],
		"eye": [2.207,-1.683,0.453],
		"center": [1.213,0,0.365],
		"up": [0,0,1],
		"rvec": [1.6928204215941256, 0.5459000118671042, -0.3778901816569614],
		"tvec": [-0.02375606621142828, -0.0029836038174784496, 0.06420269934765528]
	},
	"4": {
		"distCoefficients": [0.194526, -1.0812, 0, 0, 1.10893],
		"projection": [1644.85, 962.397, 527.998],
		"eye": [0.3048,-1.928,0.758],
		"center": [1.405,-0.188,0],
		"up": [0,0,1],
		"rvec": [1.8817411490660805, -0.5249232709048001, 0.39442775086064613],
		"tvec": [-0.0329388233964695, 0.003985187635247586, 0.040139785493840514]
	}
}

